Predicted condition,Priority
8.2825,1
7.502000000000009,4
7.850000000000014,2
7.850000000000014,3
